FirstName,LastName
Michael,Smith
James,Johnson
John,Williams
David,Brown
Robert,Jones
William,Garcia
Christopher,Miller
Mary,Davis
Joseph,Rodriguez
Daniel,Martinez
Matthew,Hernandez
Thomas,Lopez
Richard,Gonzales
Jennifer,Wilson
Anthony,Anderson
Joshua,Thomas
Charles,Taylor
Elizabeth,Moore
Andrew,Jackson
Mark,Martin
Linda,Lee
Steven,Perez
Kevin,Thompson
Brian,White
Jessica,Harris
Patricia,Sanchez
Jason,Clark
Ryan,Ramirez
Jacob,Lewis
Timothy,Robinson
Sarah,Walker
Lisa,Young
Susan,Allen
Ashley,King
Nicholas,Wright
Jeffrey,Scott
Jonathan,Torres
Emily,Nguyen
Paul,Hill
Barbara,Flores
Eric,Green
Karen,Adams
Kimberly,Nelson
Kenneth,Baker
Michelle,Hall
Justin,Rivera
Amanda,Campbell
Brandon,Mitchell
Benjamin,Carter
Melissa,Roberts
Stephanie,Gomez
Alexander,Phillips
Scott,Evans
Sandra,Turner
Ronald,Diaz
Stephen,Parker
Rebecca,Cruz
Donald,Edwards
Amy,Collins
Nancy,Reyes
Samuel,Stewart
Angela,Morris
Laura,Morales
Deborah,Murphy
Tyler,Cook
Gary,Rogers
Cynthia,Gutierrez
Donna,Ortiz
Edward,Morgan
Gregory,Cooper
Samantha,Peterson
Nicole,Bailey
Emma,Reed
Aaron,Kelly
Patrick,Howard
Olivia,Ramos
George,Kim
Nathan,Cox
Adam,Ward
Sharon,Richardson
Zachary,Watson
Jordan,Brooks
Jose,Chavez
Noah,Wood
Carol,James
Kelly,Bennet
Rachel,Gray
Kathleen,Mendoza
Heather,Ruiz
Larry,Hughes
Brenda,Price
Pamela,Alvarez
Katherine,Castillo
Ethan,Sanders
Margaret,Patel
Kyle,Myers
Lauren,Long
Victoria,Ross
Maria,Foster
Christine,Jimenez
